mobygames_id	world_of_spectrum_id
007-licence-to-kill	0000001
10th-frame	0000011
19-part-1-boot-camp	0000016
1942	0009297
1942-mission	0005898
1984-a-game-of-government-management-	0000017
1985-the-day-after	0000018
1994-ten-years-after	0000019
1999	0000020
1st-division-manager	0009345
2-player-soccer-squad	0000023
2088	0000026
2112ad	0000027
3-d-monster-chase	0003249
3-deep-space	0000035
3d-bat-attack	0000432
3d-combat-zone	0001033
3d-defence	0001316
3d-desert-patrol	0001356
3d-interceptor	0002493
3d-lunattack	0002955
3d-painter	0003589
3d-pinball	0003717
3d-quadracube	0003966
3d-seiddab-attack	0004393
3d-space-wars	0004686
3d-starfighter	0009423
3d-starstrike	0004880
3d-stock-car-championship	0004904
3d-stock-cars-ii	0012129
3d-tank-duel	0005136
3d-tanx	0005140
3d-tunnel	0005453
3d-tunnel	0005603
4-soccer-simulators	0009299
4x4-off-road-racing	0000036
720	0000041
747-flight-simulator	0000043
750cc-grand-prix	0009300
911-ts	0000044
a-day-in-the-life	0001271
a-fistful-of-necronomicons	0006311
a-harvesting-moon	0006421
a-legacy-for-alaric	0006567
a-question-of-scruples-the-computer-edition	0003976
a-serpentine-tale	0006014
a-team	0000303
a-ticket-to-ride	0005266
a-view-to-a-kill-the-computer-game	0000009
aaargh	0000045
abracadabra	0005902
abu-simbel-profanation	0000048
abyss	0000053
accelerator_	0000055
ace-2	0000059
ace-2088	0000061
ace-low	0000064
ace-of-aces	0000065
acrojet	0000069
action-biker	0000072
action-fighter	0000074
action-force	0000076
action-force-ii-international-heroes	0000077
action-reflex	0000078
ad-astra	0000079
addams-family_	0000082
adder-attack	0000084
adidas-championship-football	0000085
admiral-graf-spee	0000088
advanced-pinball-simulator	0009301
advanced-soccer-simulator	0000092
adventure-1	0006087
adventure-a	0005913
adventure-b	0005914
adventure-c	0005915
adventure-quest	0005923
adventures-of-barsak-the-dwarf	0005927
adventures-of-buckaroo-banzai-across-the-eighth-dimension	0006049
adventures-of-st-bernard	0000097
africa-gardens	0005932
african-trail-simulator	0000100
after-burner-ii	0000103
after-shock	0005933
after-the-war	0000101
aftermath	0005934
afteroids	0000105
agathas-folly	0005936
agent-orange	0000107
agent-x	0000109
agent-x-ii-the-mad-profs-back	0000111
ah-diddums	0000112
airbase-invader	0000116
airbrush	0000118
airline_	0000121
airwolf_	0000127
airwolf-2	0000128
ajax	0005493
alcatraz-harry	0000137
alchemist	0000139
alien_____	0000145
alien-8	0009302
alien-highway-encounter-2	0000151
alien-swarm_	0000156
alien-syndrome	0000157
aliens-the-computer-game	0000161
all-american-basketball	0000168
alphabet-zoo	0009038
alpine-games_	0000172
altered-beast	0000173
amaurote	0000176
amc-astro-marine-corps	0000295
american-3d-pool	0000178
american-football_	0000179
american-tag-team-wrestling	0000180
an-everyday-tale-of-a-seeker-of-gold	0006271
anarchy	0000187
android-one-the-reactor-run	0000190
android-two	0000192
androids	0000197
andy-capp	0000200
anfractuos	0000202
angle-ball	0000204
angler	0000205
animated-strip-poker	0000206
annals-of-rome	0000207
ant-attack	0000210
antics	0000537
apb	0000220
apocalypse_	0000222
apollo-11	0000223
april-7th	0005956
aquaplane	0000227
aquarius	0000229
arc-of-yesod	0000232
arcade-flight-simulator	0009304
arcade-fruit-machine	0000235
arcade-trivia-quiz	0000236
arcadia	0000237
archers	0005957
archon-ii-adept	0000244
archon-the-light-and-the-dark	0000243
arcticfox	0000245
arena-3000	0000251
arkanoid	0000255
arkanoid-revenge-of-doh	0000258
armageddon	0005191
armageddon_	0000266
armageddon____	0000267
army-moves	0000273
arnhem-the-market-garden-operation	0000280
arnold-the-adventurer	0005963
arnold-the-adventurer-ii	0015427
arnold-the-adventurer-iii	0005965
arrow-of-death-part-i	0005968
arrow-of-death-part-ii	0005969
artura	0000282
ashkeron	0005970
assault-course-combat-academy	0010440
asterix-and-the-magic-cauldron	0000290
astonishing-adventures-of-mr-weems-and-the-she-vampires	0003311
astro-blaster_	0000294
astroclone	0000299
atf-advanced-tactical-fighter	0000305
athena	0000307
atic-atac	0009305
atom-ant	0000312
attack-of-the-empire	0000325
attack-of-the-killer-tomatoes_	0000326
atv-simulator	0009306
auf-wiedersehen-monty	0000328
auf-wiedersehen-pet	0000330
aunt-velma-is-coming-to-tea	0005972
aura-scope	0005974
aural-quest	0005973
austerlitz_	0000454
australian-rules-football	0000333
autocrash	0000338
automania	0000339
automonopoli	0000342
automonopoli	0002071
avalanche-the-struggle-for-italy	0000345
avalon___	0000348
avenger_	0000351
avenger____	0000350
axe-of-rage	0000409
aztec-assault	0006799
babaliba	0000358
back-to-skool	0000362
back-to-the-future_	0000364
back-to-the-future-part-iii	0000367
backgammon_psion	0000374
backpackers-guide-to-the-universe-part-1	0000376
bad-dudes	0001488
bad-street-brawler	0004937
badlands	0000380
ball-breaker	0000383
ball-crazy	0000386
ballblazer	0000388
ballbreaker-ii	0000385
balloon-hopper	0000393
ballooning	0000395
balrog-and-the-cat	0005989
balrogs-day-out	0006001
barbarian	0000405
barchou	0000416
barmy-burgers	0000422
baron	0000423
barreldrop-	0000424
basil-the-great-mouse-detective	0000430
batman_	0000438
batman__	0000434
batman-the-caped-crusader	0000442
battle-1917	0000448
battle-field	0000468
battle-for-midway	0000453
battle-of-britain	0000455
battle-of-britain__	0000456
battle-of-the-planets	0000458
battle-valley	0000465
battlecars	0000467
battleship_	0000461
battlezone_	0000466
batty_	0000472
bazooka-bill	0000475
bc-bill	0000476
bcs-quest-for-tires	0000477
beach-buggy-simulator	0000479
beach-head	0000481
beach-head-ii-the-dictator-strikes-back	0000483
beach-volley	0000485
beaky-and-the-egg-snatchers	0000488
beamrider	0000489
bear-bovver	0000492
beatle-quest	0005994
bedlam_	0000494
bedlam__	0000495
beginning-of-the-end	0005996
behind-closed-doors	0005998
behind-closed-doors-2-the-sequel	0005999
behind-closed-doors-3-revenge-of-the-ants	0006000
behold-atlantis	0006002
belegost	0006003
benny-hills-madcap-chase	0000507
bestial-warrior	0000510
beyond-eldorado	0006006
beyond-the-ice-palace	0000512
biff	0000515
big-ben-strikes-again	0000517
big-noses-american-adventure	0009308
big-sleaze	0006008
big-trouble-in-little-china	0000519
bigfoot_	0009307
biggles	0000521
bimbo	0000531
bingo_	0000534
bionic-ninja	0000535
birds-and-the-bees	0000536
bismarck	0000540
black-beard	0000555
black-crystal	0000547
black-hawk	0000549
black-hole	0000550
black-lamp	0000551
black-magic_	0000553
black-tower	0006012
black-tower_	0006015
blade-runner_	0000561
blasteroids	0000563
blazing-thunder	0000564
blind-alley	0000566
blinkys-scary-school	0000568
blizzard-pass	0006016
blockade-runner_	0000575
blockbuster	0002453
blockbusters	0000577
blockbusters-gold-run	0000579
blood-brothers	0000584
bloodwych	0000592
blue-max	0000597
blue-thunder	0000600
bmx-freestyle	0009312
bmx-kidz	0000601
bmx-ninja	0000603
bmx-racers_	0000605
bmx-simulator	0009313
bmx-simulator-2	0009314
bob-morane-science-fiction-1	0002847
bobby-bearing	0000606
bobs-full-house	0000610
bobsleigh	0000611
bog-of-brit	0006022
boggit-bored-too	0006023
bomb-fusion	0000627
bomb-jack	0000617
bomb-jack-ii	0000619
bomb-scare	0000628
bomber__	0000972
bomber-bob-in-pentagon-capers	0000623
bongo	0000631
book-of-the-dead	0006033
boot-camp	0001028
booty	0000633
bopn-wrestle	0004207
bored-of-the-rings	0006036
borzak	0000636
bosconian-87	0000637
boulder-dash	0000639
boulder-dash-construction-kit	0000650
boulder-dash-ii-rockfords-revenge	0000642
boulder-dash-iii	0000644
bounces	0000653
bounty-bob-strikes-back	0000660
bounty-hunter_	0006042
boyd-file	0006043
brain-damage	0000673
brainstorm_	0000678
brainstorm____	0000677
bravestarr	0000683
braxx-bluff	0000685
break-away	0000689
breakthru_	0000691
brian-and-the-dishonest-politician	0006044
brian-bloodaxe	0000694
brian-cloughs-football-fortunes	0000696
brian-jacks-superstar-challenge	0000697
brian-the-novice-barbarian	0006046
brick	0000698
bride-of-frankenstein	0000700
british-super-league	0000711
broodslayer	0000717
bruce-lee	0000718
brum-brum	0000721
bubble-bobble	0000722
bubble-dizzy	0009317
bubble-trouble___	0000728
bubbler	0009318
buck-rogers-planet-of-zoom	0000731
bug-eyes	0000742
bugaboo-the-flea	0000739
buggy-ranger	0000746
buggy-ranger	0000750
bugsy	0006050
bulbo-and-the-lizard-king	0006053
bulge-battle-for-antwerp	0000753
bullseye	0000757
bullseye	0000758
bullys-sporting-darts	0000761
bumpy	0000763
bunny-plus-eta	0000765
buriabeast	0000768
buster-bros	0003593
by-fair-means-or-foul	0000776
byte	0006055
byte-bitten	0000777
c5-clive	0000779
cabal	0000780
caesar-the-cat	0000787
caesars-travels	0000788
cagara	0000789
cage-match	0002494
call-me-psycho	0000793
camelot-warriors	0000794
cannon-ball	0000726
cannon-ball	0000797
canyon-warrior	0000798
capitn-sevilla	0000801
captain-america-in-the-doom-tube-of-dr-megalomann	0000808
captain-blood	0000810
captain-dynamo	0009319
captain-kelly	0000812
captain-planet	0000813
captain-slog-	0000815
captain-zapp	0001791
carrier-command	0000825
casanova	0000829
casey-jones	0000831
casino-royal	0000834
casino-royal	0003817
castle-blackstar	0006066
castle-master	0000836
castle-master-castle-master-ii-the-crypt	0000838
castle-of-skull-lord	0006070
catch-23	0000842
caterpilla	0000846
cauldron	0000850
cauldron-ii-the-pumpkin-strikes-back	0000851
cavelon	0000856
cavemania	0000858
cavern-fighter	0000859
caves-of-doom	0000861
celtic-carnage	0006800
centi-bug	0000866
centurions-power-x-treme	0000871
cerius	0000873
chain-reaction_	0000876
challenge-of-the-gobots	0000878
champ	0000882
champions_	0000638
championship-baseball	0000884
championship-run	0000888
championship-sprint	0000890
chaos	0000894
charlie-and-the-chocolate-factory_	0000899
charlie-chaplin	0004875
chase-hq	0000903
chequered-flag	0000912
chess_	0000914
chessmaster-2000	0000922
chevy-chase	0000923
chicago-30s	0000926
chicken-chase_	0000928
chiller_	0000930
chimera	0000931
chinese-juggler	0000933
cholo	0000942
chop-n-drop	0002503
choy-lee-fut-kung-fu-warrior	0000950
chronos-a-tapestry-of-time	0000951
chubby-gristle	0000954
chuck-yeagers-advanced-flight-simulator	0000956
chuckie-egg	0000958
chuckie-egg-ii	0000959
chuckman	0000960
circus	0006083
cisco-heat-all-american-police-car-race	0000968
city-connection_	0000974
city-of-death	0000977
civil-service	0006085
civil-service-ii	0010743
cj-in-the-usa	0009322
cjs-elephant-antics	0009323
classic-muncher	0000982
classic-punter	0000983
classic-trainer	0000984
classic-trainer	0000985
claws-of-despair	0006089
clever-smart	0000987
cliff-hanger	0000989
clive-barkers-nightbreed-the-action-game	0003415
cloud-99	0006091
cluedo	0000993
cobra	0000996
cobra-force	0000999
cobras-arc	0006093
codename-mat	0001002
codename-mat-ii	0001003
coil-cop	0005232
colin-the-cleaner	0001007
coliseum	0001008
colony_	0001014
colossal-adventure	0006097
colossus-bridge-4	0001017
colossus-chess-4	0001018
colour-clash	0001019
colour-of-magic	0006100
comando-quatro	0001022
comando-tracer	0009892
combat-lynx	0001026
combat-zone_	0001032
comet-game	0001037
commando	0009325
computer-scrabble	0004375
computer-scrabble-de-luxe	0004376
con-quest	0001053
confrontation	0001043
confuzion	0001048
conquestador	0001054
contact-sam-cruise	0001055
continental-circus	0001057
contra	0002159
convoy-raider	0001062
cookie	0009326
cop-out	0001063
core	0001067
corporal-stone	0006108
corridors-of-genon	0001071
corsarios	0001074
corya-the-warrior-sage	0006109
cosa-nostra	0001076
cosmic-cruiser	0001080
cosmic-guerilla__	0001082
cosmic-pirate	0001083
cosmic-sheriff	0001084
cosmic-wartoad	0001086
cosmos	0001087
count-duckula-2-featuring-tremendous-terence	0001091
count-duckula-in-no-sax-please-were-egyptian	0001090
countdown_	0001096
crack-city	0006989
crack-down	0001109
crack-up	0001111
crazy-cars	0001121
crazy-caverns	0001126
crazy-golf	0001128
creepy-crawler	0001137
crete-1941-fallschirmjager	0001139
cricket-captain_	0001149
cricket-master	0001153
crime-santa-claus	0012789
crossfire_____	0001174
crosswize	0001168
crypt	0001178
crystal-castles	0001179
crystal-frog	0006116
crystal-kingdom-dizzy	0009339
crystal-quest	0006119
crystals-of-kings	0006120
cup	0006126
curse_	0015526
curse-of-sherwood	0001189
cyber-rats	0001192
cyberball	0001194
cybernoid-ii-the-revenge	0001199
cybernoid-the-fighting-machine	0001196
cyberun	0009329
cycles-international-grand-prix-racing	0001205
cyclone	0001206
cylon-attack	0010607
cylu	0001210
cyrus	0001214
cyrus-ii-chess	0001213
d-day___	0001276
dalek-attack	0001481
daley-thompsons-decathlon	0001217
daley-thompsons-olympic-challenge	0001220
daley-thompsons-super-test	0001222
dam-busters	0001229
dan-dare-ii-mekons-revenge	0001238
dan-dare-iii-the-escape_	0001241
dan-dare-pilot-of-the-future	0001235
dandy	0001244
danger-mouse-in-double-trouble	0001247
danger-mouse-in-making-whoopee	0001248
danger-mouse-in-the-black-forest-chateau	0001249
darius	0001254
dark-empire	0001256
dark-fusion	0001257
dark-sceptre	0001259
dark-side	0001261
dark-star	0001263
darkest-road	0006146
darkman	0001266
davy-jones-locker	0006149
dawnssley	0001270
days-of-thunder	0001274
de-malle-muur	0002997
deactivators	0001278
dead-or-alive_	0001283
deadenders	0006150
deadly-evil	0001285
death-or-glory	0001293
death-stalker	0009330
death-star	0001294
death-star-interceptor	0001295
death-sword	0000407
death-wake	0001298
death-wish-3	0001299
deathchase	0001303
deathscape	0001305
deeks-deeds	0006153
deep_	0001311
deep-strike	0001309
defcom	0001313
defenda	0001317
defenders-of-the-earth	0001323
deffendar	0001326
deflektor	0001327
deliverance-stormlord-ii	0004925
delta-wing	0001337
demon-from-the-darkside	0006157
demon-knight	0006161
denis-through-the-drinking-glass	0006164
derby-day	0001351
desert-hawk	0001355
desert-rats-the-north-africa-campaign	0001357
desmond-and-gertrude	0006166
desperado-2	0001361
destructo	0001474
devastating-blow	0001374
deviants	0001375
devil-diver	0001379
devil-rides-in	0001380
devils-crown	0001381
devils-island	0006171
devils-of-the-deep	0001383
devon-aire-in-the-hidden-diamond-caper	0002488
diablo__	0006172
diamond	0001384
diamond-trail	0006178
diarmid	0006179
dictator	0001388
die-alien-slime	0001390
digger-dan	0001391
disco-dan	0001400
discs-of-death	0001401
dive-bomber	0003423
dix-mille	0001404
dizzy-dice	0001406
dizzy-down-the-rapids	0009340
dizzy-panic	0009387
dizzy-prince-of-the-yolkfolk	0009338
dizzy-the-ultimate-cartoon-adventure	0009332
dna-warrior	0001410
do-do	0001419
doc-the-destroyer	0001413
doctor-what	0001416
dodgy-geezers	0006189
dogfight-2187	0001421
domes-of-sha	0006196
domes-of-sha	0006198
dominator	0001425
don-quijote	0006199
donkey-kong	0001437
dont-buy-this	0015227
dont-buy-this	0015228
dont-buy-this	0015229
dont-panic	0001441
doomdarks-revenge	0006201
doomsday-castle	0001448
doomsday-papers	0006203
double	0001468
double-agent_	0006205
double-dragon-3-the-rosetta-stone	0001463
double-play-adventure-time-quest-crystal-quest	0007108
double-take	0001464
dr-franky-and-the-monster	0001476
dr-jekyll-and-mr-hyde_	0006207
draconus	0001484
dracula_	0006211
dragon-breed	0001486
dragonfire	0001495
dragons-lair-part-ii-escape-from-singes-castle	0001498
dragons-of-flame	0001500
dragonsbane	0001501
dragonstar-trilogy-part-i	0006221
dragonstar-trilogy-part-ii	0006222
dragonstar-trilogy-part-iii	0006223
dragontorc	0001503
drakkar	0001505
draughts-genius	0001513
drazen-petrovic-basket	0001516
dream-warrior	0001518
driller-tanks	0001524
druid	0001528
duck-out	0001532
duel-master-blood-valley	0000590
duel-test-drive-ii	0005203
dukes-of-hazzard_	0001537
dun-darach	0001538
dungeon-adventure	0006227
dungeon-romp	0006232
dustin	0001543
dyna-star	0001548
dynamic-duo	0001549
dynamite-dan	0001551
dynamite-dan-ii	0001553
dynamix	0001557
earthlight	0001565
eastenders	0001569
echelon_	0001571
ed-on	0001576
edd-the-duck	0001572
eddie-kidd-jump-challenge	0001574
eidolon	0001581
el-capitn-trueno	0000802
el-cid	0000963
election	0001588
elevator-action	0001594
eliminator-	0001599
eliminator-	0001600
elite	0001601
elven-warrior	0001608
embassy-assault	0001609
emerald-isle	0006249
emilio-butragueo-2	0001612
emilio-butragueo-ftbol	0001610
emilio-sanchez-vicario-grand-slam	0001614
emlyn-hughes-arcade-quiz	0001615
emlyn-hughes-international-soccer	0001616
empire	0001619
empire-fights-back	0001621
enchanted-cottage	0006250
encyclopedia-of-war-ancient-battles	0001623
enduro	0001627
enduro-racer_	0001628
engineer-humpty	0001633
enigma-force	0001634
enlightenment	0001530
equinox_	0001637
eric-and-the-floaters	0001639
erik-phantom-of-the-opera	0001641
escalador-loco	0001643
escape_____	0001645
escape-from-pulsar-7	0006266
escape-from-the-planet-of-the-robot-monsters	0001647
eskimo-eddie	0001651
espionage-island	0005919
eureka	0001661
european-5-a-side	0001664
european-champions_	0001663
european-ii	0001670
european-soccer-challenge	0001666
european-superleague	0001668
evening-star	0001673
everest-ascent	0001675
every-second-counts	0001676
everyones-a-wally-the-life-of-wally	0001677
evil-crown	0001680
exodus_	0001684
exolon	0001686
exploding-fist-	0005641
explorer	0001692
express-raider	0001694
exterminator___	0001696
exterminator-	0001698
extreme	0001699
eye	0001700
eye-of-bain	0005921
f-15-strike-eagle	0001702
f1-tornado	0001701
fa-cup-football	0001708
faerie	0006280
fairlight	0001712
fairlight-ii	0001715
falcon-patrol-ii	0001718
falcon-the-renegade-lord	0001720
falklands-82	0001721
fall-guy	0001722
fall-of-rome	0001723
famous-five-five-on-a-treasure-island	0006284
fantasia-diamond	0006286
fantastic-american-football	0001727
fantastic-voyage__	0001729
fantasy-world-dizzy	0009335
fast-food	0009343
fast-n-furious-thunderceptor	0001734
fast-n-furious-thunderceptor	0005263
fat-worm-blows-a-sparky	0001736
fausts-folly	0006290
feasibility-experiment	0006291
federation	0006837
feline-sleepy	0010792
fellowship-of-the-ring	0006601
fernandez-must-die	0001739
fernando-martn-basket-master	0001741
feud	0001744
fifth-quadrant	0001749
fighter-pilot_	0001754
fighting-soccer	0001756
fighting-warrior	0001757
final-assault	0001761
final-matrix	0001762
finders-keepers	0001764
fire-and-forget	0001765
firebirds	0001770
fireflash	0001771
firefly	0001772
firelord	0001775
firestorm	0001781
firetrap	0001782
fist-the-legend-continues	0005644
flak-the-ultimate-flight-experience	0001789
flashpoint_	0001794
flight-path-737	0001796
flight-simulator__	0001797
flintstones_	0001799
flunky	0001809
flyer-fox	0001811
football-champions	0001817
football-director	0001821
football-manager	0001823
football-manager-2	0001827
football-manager-3	0001830
football-manager-ii-expansion-kit	0001829
football-manager-world-cup-edition-1990	0001831
footballer-of-the-year	0001832
footballer-of-the-year-2	0001834
for-your-thighs-only	0006318
forbidden-planet	0001837
forest	0001843
forest-at-worlds-end	0006321
formula-1-simulator	0001844
formula-one	0001845
four-minutes-to-midnight	0006323
fourth-protocol	0006327
foxx-fights-back	0001846
frank-brunos-boxing	0001848
frank-n-stein	0001849
frankenstein	0006331
frankenstein-2000	0001852
frankenstein-jnr	0026268
frankie-goes-to-hollywood	0001854
fred	0001858
freddy-hardest	0001860
freddy-hardest-in-south-manhattan	0001863
free-climbing	0001866
freez-bees	0001870
frenzy___	0001871
frenzy____	0004193
friday-the-13th_	0001874
frightmare	0001877
froggy	0001890
frogrun	0001881
from-out-of-a-dark-night-sky	0006337
frost-byte	0001894
fruit-machine-simulator	0009348
fruit-machine-simulator-2	0009349
full-throttle_	0001908
fury__	0001911
future-games	0001916
future-knight	0001920
g-loc-air-battle	0002060
galactic-abductors	0001924
galactic-games	0001927
galactic-patrol-	0001929
galactic-trooper	0001930
galaxian	0001933
galaxians__	0001934
galletron	0001942
game-of-harmony	0001617
game-over	0001958
game-over-ii	0003676
gandalf-the-sorcerer	0004618
gangsters	0001976
garfield-big-fat-hairy-deal	0001977
garfield-winters-tail	0001979
gary-linekers-hot-shot	0001982
gary-linekers-superskills	0001984
gatecrasher	0001986
gazza-ii	0001996
gba-championship-basketball-two-on-two	0001998
genghis-khan_	0002023
geoff-capes-strongman	0002013
gerbil-riot-of-67	0006350
gerry-the-germ-goes-body-poppin	0002016
get-me-to-the-church-on-time	0006351
ghost-hunters	0009350
ghost-town_	0006352
ghostbusters	0002025
ghostbusters-ii___	0002031
gi-hero	0002038
giants-revenge	0002040
gift-from-the-gods	0002041
gilbert-escape-from-drill	0002044
gilligans-gold	0002047
gladiator_	0002050
gladiator__	0002130
glass	0002052
glider-rider	0002054
global-commander	0000269
glug-glug	0002062
gnasher	0002063
gnome-ranger	0006357
go-to-hell	0002069
gobble-a-ghost	0002073
gobbleman	0002074
gold-mine	0002078
golden-apple	0005920
golden-basket	0002084
golden-baton	0006372
golf____	0004726
gonzzalezz	0002097
goody	0002099
goonies_	0002103
gordello-incident	0006384
gothik	0002107
gradius	0003385
graham-goochs-test-cricket	0002111
grand-national	0002112
grand-prix_	0002113
grand-prix-circuit	0002116
grand-prix-master	0000285
grand-prix-simulator	0009353
grand-prix-simulator-2	0009354
grand-prix-tennis	0010521
grange-hill	0002120
great-britain-limited	0002123
great-escape	0002125
gregory-loses-his-clock	0002137
grell-and-fella	0009355
gremlins-the-adventure	0006399
greyfell-legend-of-norman	0002143
grid-bug	0002149
grid-iron-2	0002146
grid-run-and-pontoon	0002150
gridrunner	0002151
gridtrap	0002148
ground-attack	0002155
ground-force-zero	0002156
ground-zero	0006402
growing-pains-of-adrian-mole	0006403
grumpy-gumphrey-supersleuth	0002157
guadalcanal	0002164
guardian-ii-revenge-of-the-mutants	0002167
guerrilla-war	0002171
gulp-2	0002175
gunboat_	0002176
gunfright	0009357
gunrunner	0002181
gunship	0002183
gunstar	0002186
gutz	0002189
gyron	0018848
gyroscope	0002196
h-r-h	0006454
hacker	0002200
hacker-ii-the-doomsday-papers	0002202
hades-nebula	0002204
halaga	0002206
halls-of-the-things	0002209
hammer-boy	0002216
hammerfist	0002218
hampstead	0006419
handicap-golf	0010527
happiest-days-of-your-life	0002231
hard	0002235
hard-cheese	0002232
hard-drivin	0002233
hardball	0002236
harrier-7	0003530
harrier-attack	0002241
harvey-headbanger	0002246
hate-hostile-all-terrain-encounter	0002247
havoc_	0002253
hawk-storm	0002256
head-coach	0002258
head-over-heels	0002259
heartbroken	0002266
heartland	0002267
heathrow-international-air-traffic-control	0002270
heathrow-international-air-traffic-control	0010530
heavy-on-the-magick	0002274
helichopper	0002280
hellfire_	0002287
hellfire-attack	0002288
helm	0006423
helter-skelter	0002291
helvera-mistress-of-the-park	0006425
herberts-dummy-run	0002295
hercules	0002298
hercules-slayer-of-the-damned	0002299
hermitage	0006429
hero	0002301
heroes-of-karn	0006431
heroes-of-the-lance	0002306
heroquest	0002302
heroquest-return-of-the-witch-lord	0002304
hideous	0002312
high-frontier	0002313
high-noon__	0002315
high-noon__	0011399
high-steel	0002316
highlander	0002319
highway-encounter	0002323
hijack	0002326
hive_	0002333
hkm	0002375
hobbit	0006440
hocus-focus	0002336
hollywood-poker	0002341
hong-kong-phooey-no1-super-guy	0002344
hopper	0002347
hopper-copper	0002348
hoppin-mad	0002349
horace-goes-skiing	0002351
horace-the-spiders	0002350
hot-rod	0002361
hotshot	0002357
house-jack-built	0002362
how-to-be-a-complete-bastard	0002366
how-to-be-a-hero	0002368
howard-the-duck	0002370
http://www.mobygames.com/game/zx-spectrum/f40-pursuit-simulator/	0001123
hudson-hawk	0002373
hulk	0006854
humphrey	0002378
humpty-dumpty-in-the-garden	0002380
humpty-dumpty-meets-the-fuzzy-wuzzies	0002381
hunchback	0002383
hunchback-ii-quasimodos-revenge	0002384
hunchback-the-adventure	0006457
hunchy	0002386
hundra	0002388
hungry-horace	0002390
hunt-for-red-october	0002391
hunter-killer	0002397
huxley-pig	0002401
hydrofool	0002408
hypaball	0002412
hyperbowl	0002419
hysteria	0002424
i-ball	0002429
i-ball-ii	0002431
i-of-the-mask	0002433
ian-bothams-test-match	0002436
ian-flemings-james-bond-007-in-live-and-let-die-the-computer-gam	0000004
ice-attack	0002439
ice-station-zero	0006460
ice-temple	0002440
icicle-works	0002444
icups	0002446
ikari-warriors	0002450
ikari-warriors-ii-victory-road	0005561
im-in-shock	0002452
imagination	0006464
imperator	0002454
implosion	0002456
impossaball	0002458
impossamole	0002460
impossible-mission	0002462
impossible-mission-ii	0002464
incredible-shrinking-fireman	0002468
incredible-shrinking-sphere	0002469
indiana-jones-and-the-temple-of-doom	0002475
indoor-soccer	0002477
infiltrator	0002482
ingrids-back	0006478
inheritance-panic-in-las-vegas	0002485
insector-hecti-in-the-inter-change	0002487
inspector-gadget-and-the-circus-of-fear	0002489
intensity	0002491
international-3d-tennis	0002495
international-5-a-side	0002499
international-football	0002501
international-manager	0002513
international-rugby-simulator	0009359
international-speedway	0002518
into-the-eagles-nest	0002523
invaders_	0002530
invasion	0002534
invasion-force_	0002535
invasion-of-the-body-snatchas	0002538
invincible-island	0006490
island	0006491
island_	0006492
island-of-secrets	0019198
italian-supercar	0009360
its-a-knockout	0002558
its-only-rock-n-roll-the-tomb-of-dracula	0002559
its-the-wooluf	0002560
ivan-ironman-stewarts-super-off-road	0002546
iwo-jima	0002561
jabato	0006493
jack-and-the-beanstalk	0002562
jack-charltons-match-fishing	0002563
jack-the-nipper	0002564
jack-the-nipper-ii-in-coconut-capers	0002566
jack-the-ripper_	0006497
jackle-wide	0001477
jackpot	0002568
jackson-city	0002571
jahangir-khan-world-championship-squash	0002572
jai-alai	0002574
jail-break	0002576
james-bond-007-in-the-living-daylights-the-computer-game	0000006
james-herberts-the-rats	0004039
jasons-gem	0002579
jasper	0002580
jaws___	0002582
jawz	0002583
jeff-waynes-video-game-version-of-the-war-of-the-worlds	0005631
jeffrey-archer-not-a-penny-more-not-a-penny-less-the-computer-ga	0006748
jet-bike-simulator	0009321
jet-bike-simulator	0009361
jet-set-willy	0002589
jet-set-willy-ii-the-final-frontier	0002595
jet-story	0002612
jetpac	0009362
jetsons-the-computer-game	0002611
jewels-of-babylon	0006512
jimmy-connors-pro-tennis-tour	0003891
jimmys-soccer-manager	0002614
jocky-wilsons-compendium-of-darts	0002618
jocky-wilsons-darts-challenge	0002619
joe-blade	0002620
joe-blade-ii	0002623
jogger_	0002633
johnny-reb	0002635
johnny-reb-ii	0002636
jonah-barringtons-squash	0002641
jonny-quest	0002643
journey-to-the-centre-of-eddie-smiths-head	0006518
jrr-tolkiens-war-in-middle-earth_	0005629
judge-dredd__	0002648
jumping-jack	0002658
jungle-fever	0002660
jungle-trouble	0002661
jungle-warfare	0002662
jungle-warrior	0002664
kai-temple	0002668
kane	0002673
kat-trap-planet-of-the-cat-men	0002678
kayleth	0006524
keith-van-erons-pro-soccer	0003184
kemshu	0002680
kendo-warrior	0002681
kenny-dalglish-soccer-manager	0002682
kenny-dalglish-soccer-match	0002684
kentilla	0006527
kentucky-racing	0002685
ket-trilogy	0006302
ket-trilogy	0006711
ket-trilogy	0007080
kgb-superspy	0009364
kick-box-vigilante	0002690
kick-off	0002687
kick-off-2	0002688
kidnap	0002693
kikstart-2	0002694
kindercomp	0009119
kinetik	0002698
king-arthurs-quest	0006536
kings-keep	0002703
kirel	0002705
klax	0002707
knight-driver	0002715
knight-force	0002718
knight-lore	0009366
knight-orc	0006540
knight-tyme	0002722
knightmare_	0002724
knights-quest	0006543
knockout_	0002727
knot-in-3d	0002729
knuckle-busters	0002730
kobyashi-naru	0006545
kokotoni-wilf	0002732
komando-ii	0002734
konamis-golf	0002736
kong	0002741
kong_	0002739
kong-strikes-back	0002742
koronis-rift	0002747
korth-trilogy-2-besieged	0002751
kosmic-kanga	0002758
krakout	0002768
krazy-kong	0002772
kung-fu	0002778
kung-fu-knights	0010572
kung-fu-master	0002780
kung-fu-the-way-of-the-exploding-fist	0005643
kwik-snax	0009367
kyros	0001359
la-abada-del-crimen	0000047
la-aventura-espacial	0005975
la-diosa-de-cozumel	0006183
la-drugs-bust	0002933
la-espada-sagrada	0001652
la-guerra-de-las-vajillas	0006409
labours-of-hercules	0006552
labyrinthion	0002801
lancelot	0006553
lancer-lords	0002804
lap-of-the-gods	0002808
larry-the-lemmings-urge-for-extinction	0006561
las-vegas-casino	0002810
las-vegas-video-poker	0005565
laser-snaker	0002812
laser-squad	0002813
laser-zone	0002817
last-duel-inter-planet-war-2012	0009368
last-mission	0002825
last-mission_	0002823
last-ninja-2-back-with-a-vengeance	0002827
last-vampire	0002831
lazer-tag	0002833
lazer-wheel	0002835
lazy-jones	0002836
leader-board	0002837
leaderboard-tournament	0002839
league-challenge	0002841
leapfrog	0002843
legend-of-apache-gold	0006573
legend-of-kage	0002848
legend-of-the-amazon-women	0002851
legions-of-death	0002855
leopard-lord	0006580
level-5	0002862
leviathan	0002863
life-force	0004313
life-term	0006584
light-corridor	0002875
lightforce	0002882
line-of-fire	0002893
little-computer-people	0002897
little-puff-in-dragonland	0009371
little-wandering-guru	0006586
livingstone-i-presume	0002902
livingstone-ii	0002904
loco_	0002908
lode-runner	0002912
lojix	0002918
lone-wolf-fire-on-the-water	0006593
lone-wolf-flight-from-the-dark	0002879
lone-wolf-flight-from-the-dark	0006591
lone-wolf-the-mirror-of-death	0002920
lords-of-chaos	0002930
lords-of-midnight_	0006604
lords-of-time	0006607
los-angeles-swat	0002934
los-inhumanos	0002486
los-pjaros-de-bangkok	0006782
los-templos-sagrados	0007082
lost-caves	0002936
lotus-esprit-turbo-challenge	0002937
luna-atac	0002945
luna-crabs	0002946
lunar-attack	0000327
lunar-jetman	0009372
lunar-rescue_	0002952
lunar-rescue__	0002953
macadam-bumper	0002957
mach-3	0002959
mad-cars_	0002960
mad-martha	0002963
mad-mix	0002965
mad-mix-2-en-el-castillo-de-los-fantasmas	0002966
mad-nurse	0002969
madballs	0002971
magic-carpet_	0002978
magic-castle	0006627
magic-isle	0006569
magic-johnsons-fast-break	0002982
magic-keys	0002983
magic-meanies	0002984
magicland-dizzy	0009336
magmax	0002976
magnetron-	0002986
mailstrom	0002992
majik_	0006644
makao	0002996
man-hunt	0002999
man-trap	0003025
manager	0003001
manic-miner	0003012
mantronix	0003026
mapsnatch	0003028
marauder	0003030
marble-madness-construction-set	0003032
marble-madness-deluxe-edition	0003033
mario-bros	0003035
marsport	0003040
martianoids	0009374
mask_	0003042
mask-two-two	0003044
master	0003055
master-chess	0003051
master-of-magic-	0003054
masters-of-serebal	0003064
masters-of-the-universe-super-adventure	0006658
masters-of-the-universe-the-arcade-game	0003065
masters-of-the-universe-the-movie	0003066
match___	0003075
match-day	0003067
match-day-ii	0003070
match-of-the-day	0003073
matching-pairs	0003076
matt-lucas	0006661
max-headroom	0003079
maze-death-race	0003089
maze-mania	0003092
mazeman	0003099
maziacs	0003100
mean-streak	0003103
mega-apocalypse	0003111
mega-bucks	0003114
mega-phoenix	0003117
megacorp	0006667
megamix-1-axons-galactic-gunners	0001928
meganova	0003115
menagerie	0006673
mercenary	0003126
mercenary-escape-from-targ-the-second-city	0003128
merlin__	0003131
mermaid-madness	0003134
message-from-andromeda	0006676
metabolis	0003138
metagalactic-llamas-battle-at-the-edge-of-time-	0003140
metal-army	0003141
meteor-storm	0003148
meteoroids	0003150
metro-cross	0003152
metropolis_	0003156
metropolis__	0003155
miami-chase	0009376
miami-dice	0003160
miami-vice__	0003161
michel-futbol-master-super-skills	0003166
mickey-mouse-the-computer-game	0003170
micro-mouse	0011899
micro-mouse-goes-de-bugging	0003181
micro-olympics	0003173
microball	0003175
microleague-action-sports-soccer	0003004
micronaut-one	0003182
midnight-resistance	0003188
mig-29-soviet-fighter	0009377
mike-gunner	0010594
mikie	0003198
milk-race	0003201
mindbender_	0006688
minder_	0003210
mindfighter	0006690
mindshadow	0006691
mindtrap	0003211
mined-out	0003213
mines-of-lithiad	0006693
mini-putt	0003220
minnesota-fats-pool-challenge	0002399
missile-defence	0003227
mission-elevator	0003233
mission-omega	0003239
mission-omega_	0010598
molar-maul	0003241
molecule-man	0003242
monkey-bizness	0003245
monopoly_____	0003247
monster-muncher	0003252
monsters-in-hell	0003253
monte-carlo-casino	0009379
monty-is-innocent	0003255
monty-on-the-run	0003258
moon-alert	0003261
moon-buggy_	0003272
moon-cresta	0003263
moon-strike	0003268
moonlight-madness	0003277
moonsweeper	0003279
moontorc	0003280
moonwalker	0003270
mordons-quest	0006704
morris-meets-the-bikers	0003281
mortadelo-y-filemn-ii-safari-callejero	0003282
moscow-paris	0006709
mot	0003285
moto-x-simulator	0009380
motorbike-madness	0003292
motos	0003295
mountain-bike-racer	0003297
mountie-micks-deathride	0003299
movie	0003300
moving-target	0003304
mr-freeze	0003306
mr-wimpy-the-hamburger-game	0003312
mr-wino	0003313
mr-wongs-loopy-laundry	0003314
ms-pac-man	0003316
mugsy	0006715
mugsys-revenge	0006716
multi-player-soccer-manager	0003319
muncher_	0003323
murder-off-miami	0006726
mutan-zone	0003335
mutant-monty	0003339
mutants	0003340
my-name-is-uncle-groucho-you-win-a-fat-cigar	0002154
mystery-of-arkham-manor	0003347
mystery-of-the-nile	0003240
mystical	0003352
mystical	0018400
myth-history-in-the-making	0003354
mythos	0003356
mzg-procesor	0006622
naanas	0003358
napoleon-at-war	0003359
nato-alert	0003365
nato-assault-course	0003368
navy-moves	0003369
navy-seals_	0003371
necris-dome	0006738
neighbours_	0003383
neil-android	0003384
nemesis-the-warlock	0003387
nether-earth	0003391
netherworld	0003393
neverending-story	0006740
new-wheels-john	0003396
nexus_	0003403
nick-faldo-plays-the-open	0003405
nicotine-nightmare	0003408
nifty-lifty	0003409
nigel-mansells-grand-prix	0003410
night-gunner	0003420
night-shift	0003424
nightflite	0003418
nightmare-rally	0003428
nightshade__	0009383
nightwing	0006745
nihilist_	0003430
ninja_	0003433
ninja-gaiden____	0004428
ninja-hamster	0003435
ninja-massacre	0009384
ninja-scooter-simulator	0003439
nodes-of-yesod	0003447
nomad_	0003450
nonamed	0003454
nonterraqueous	0003456
northstar	0003461
nosferatu-the-vampyre	0003462
nuclear-bowls	0003471
nuclear-countdown	0003472
nudgeit	0003473
oberon-69	0003477
obliterator	0003478
ocean-conqueror	0003482
octan	0003485
official-father-christmas	0003493
oh-mummy	0003494
oink_	0003496
oix	0003498
ol-toro	0003500
olli-lissa-3-the-candlelight-adventure	0009385
olli-lissa-ii-halloween	0003505
olli-lissa-the-ghost-of-shilmore-castle	0003503
omega-one	0003512
omega-run	0003513
on-cue	0003517
one-for-the-road-mutations	0003522
one-hundred-and-eighty	0000014
one-man-and-his-droid	0003523
one-on-one	0003526
oops	0003527
operation-gunship	0009386
operation-thunderbolt	0003532
operation-wolf	0003534
oracles-cave	0003539
orbiter_	0003540
orc-attack-you-against-the-hordes	0003542
oriental-hero	0003546
ostron	0002645
out-of-this-world_	0003559
outcast_	0003560
outrun	0003563
overlander	0003569
overlord-the-invasion-6th-june-1944	0003572
p47-thunderbolt	0003575
pac-land	0003577
pac-man	0003581
pac-mania	0003583
pacific-war	0003576
painter	0003588
pakacuda	0003590
panama-joe	0003591
panic_	0004454
panther_	0003599
panzadrome	0003600
panzer-attack	0003601
paperboy	0003603
paperboy-2	0003606
para-academy	0003608
para-assault-course	0003609
paradise-caf	0003612
paratrooper_	0003619
park-patrol	0003625
passing-shot	0003629
paste-man-pat	0000525
paul-mccartneys-give-my-regards-to-broad-street	0002049
pawn	0006776
paws	0003637
pedro	0003639
pegasus-bridge	0003645
penalty-soccer	0003648
penetrator	0003649
pentagram	0009389
percy-the-potty-pigeon_	0003851
perils-of-bear-george	0003663
periscope-up	0003664
perseus-andromeda	0006785
peter-beardsleys-international-football	0003667
peter-pack-rat	0003668
peter-shiltons-handball-maradona	0003669
phantom-club	0003681
phantomas	0003686
pheenix	0003690
phileas-foggs-balloon-battles	0003692
phm-pegasus	0003693
phoenix___	0006797
pi-balled	0003698
pi-inere	0003711
pick-n-pile	0003699
pictionary-the-game-of-quick-draw	0003703
pimania	0003714
pinball-wizard	0003718
ping-pong	0003722
pink-panther	0003725
pipe-dream	0003729
pippo	0003733
pirate-adventure	0006803
piso-zero	0003740
pitfall-ii-lost-caverns	0003741
pitman-seven	0003743
planetfall_	0003754
planetoids	0003755
planets_	0003756
planets_	0027803
platoon	0003759
play-it-again-sam	0006807
plexar	0003767
plot_	0003769
plotting	0003771
plummet	0003775
pod-proof-of-destruction	0003782
pogo	0003794
pole-position	0003807
poli-daz	0003811
poogaboo-la-pulga-2	0003818
pool	0003824
pool_	0003825
popeye_	0003830
popeye-2	0003833
poseidon-planet-eleven	0003840
post-mortem_	0003843
postman-pat	0003845
postman-pat-2	0003846
postman-pat-3-to-the-rescue	0003847
potsworth-co	0003849
potty-painter-in-the-jungle	0003850
power	0001158
power-drift	0003854
power-pyramids	0003855
powerplay-the-game-of-the-gods	0003857
premier-league	0003868
president	0003870
price-of-magik	0006814
prince-clumsy	0009391
prince-of-tyndal	0006818
prison-riot	0003883
privateer	0003884
pro-golf	0003886
pro-mountain-bike-simulator	0003888
pro-powerboat-simulator	0009394
pro-skateboard-simulator	0009397
pro-tennis-simulator	0009395
prodigy	0003892
producent-boubli	0003894
professional-bmx-simulator	0009396
professional-footballer	0003895
professional-go-kart-simulator	0003896
professional-ski-simulator	0009399
professional-tennis-simulator	0004515
prohibition	0003898
project-future	0003899
protector_______	0003902
proteus-android-pit-rescue	0003904
prowler	0003906
prv-akcia	0003907
psi-chess	0003911
pssst	0009401
psycho-hopper	0003919
psycho-pigs-uxb	0003920
psycho-soldier	0003922
psytron	0003925
pub-darts	0000015
pub-trivia-simulator	0009402
puckman	0003086
pud-pud-in-weird-world	0003929
puffys-saga	0003931
pulsator	0003933
pulse-warrior	0003935
punch-judy	0003938
punchy	0003939
push-off	0003943
puszka-pandory	0006835
puzznic	0003947
pyjamarama	0003949
pyramid__	0003957
q10-tankbuster	0003958
quackshot	0003965
quadrax	0009403
quann-tulla	0006837
quartet	0003969
quazatron	0003972
quest-adventure	0006839
quest-for-the-golden-eggcup	0006841
quest-for-the-holy-grail	0006844
quest-for-the-holy-joystick	0006846
questprobe-featuring-human-torch-and-the-thing	0006856
quick-draw-mcgraw	0003980
r	0003734
r-type	0004256
race___	0003988
race-against-time	0009404
rad-ramp-racer	0003995
rad-warrior	0004300
raid-over-moscow	0003997
rainbow-islands	0000724
rainy-day	0004003
rally-driver	0004005
rally-simulator	0004007
rallycross-simulator	0009405
rambo-first-blood-part-ii__	0004010
rambo-iii	0004012
rampage	0004017
ramparts	0004020
rana-rama	0004022
rapid-fire	0004028
rapscallion	0004029
rasputin	0004030
rastan	0004033
raster-runner	0004037
raw-recruit	0004043
raymond-pringles-quest-for-the-fabled-jar-of-pickled-cabbage	0006868
rays	0006869
rays	0007208
rbi-baseball-2	0004044
ready-steady-go	0004046
realm-of-darkness	0006870
realm-of-the-undead	0004053
rebel-planet	0006872
rebelstar	0004058
rebelstar-ii-alien-encounter	0004061
rebelstar-raiders	0004064
reckless-rufus	0004065
red-arrows	0004067
red-heat	0004072
red-moon	0006880
red-scorpion	0004076
redhawk	0004071
redhawk	0006549
renegade	0004082
renegade-iii-the-final-chapter	0004090
rentakill-rita	0004093
repton-mania	0004094
repton-mania	0004096
repulsar	0004098
rescate-en-el-golfo	0004106
rescue	0004109
rescue_	0004110
rescue-from-atlantis	0004100
rescue-on-fractalus	0004111
retarded-creatures-and-caverns	0006883
return-to-eden	0006887
return-to-oz	0004115
reversi__	0004122
revolution_	0004125
rex	0004129
rick-dangerous	0004135
rick-daviss-world-trophy-soccer	0002550
riddlers-den	0004142
rider	0004144
rigels-revenge	0006893
ring-wars	0004149
river-raid	0004154
river-rescue-racing-against-time	0004155
road-frog	0004159
road-racer	0010638
road-racers	0004169
road-raider	0003290
road-runner	0004163
road-runner-and-wile-e-coyote	0004165
road-toad	0004168
roadblasters	0004157
roadwars	0004170
robber_	0004174
robin-hood-legend-quest	0009406
robin-of-sherlock	0006900
robin-of-sherwood-the-touchstones-of-rhiannon	0006903
robin-of-the-wood	0004177
robin-smiths-international-cricket	0010640
robocop__	0004179
robocop-2____	0004181
robocop-3__	0004183
robot-messiah	0004190
robot-riot	0004191
robotron	0004195
robotron-2084	0004196
rocco	0004198
rock-star-ate-my-hamster	0009407
rockford-the-arcade-game	0004214
rockman	0004215
rockn-roller	0004205
rocky-horror-show	0004217
rodland	0004222
rogue	0004224
rogue-trooper__	0004225
rolands-ratrace	0004227
rollaround	0004229
roller-coaster	0004231
rolling-thunder	0004234
roman-empire	0004235
rommels-revenge	0004236
ronnie-goes-to-hollywood	0006906
room-ten	0004240
round-the-bend	0004248
roy-of-the-rovers	0004251
royal-birkdale-championship-golf	0004252
rubicon-alliance	0004861
ruff-and-reddy-in-the-space-adventure	0004264
rugby-coach	0004267
rugby-manager	0010644
run-the-gauntlet	0004271
runes-of-zendos	0006912
runestone	0006913
rupert-and-the-ice-castle	0004276
rupert-and-the-toymakers-party	0004278
rushn-attack	0002134
rygar_	0004284
sabotage_	0004291
saboteur	0004293
saboteur-ii	0004295
sabre-wulf	0009408
saga-of-erik-the-viking	0006918
sai-combat	0004304
sailing	0004310
saimazoom	0004311
samantha-fox-strip-poker	0004320
samurai_	0004323
samurai-warrior	0006921
samurai-warrior-the-battles-of-usagi-yojimbo	0004326
sanxion	0004333
saracen	0004339
sas-combat-simulator	0009409
satan	0004344
savage	0004353
savage-island	0006924
scapeghost	0006926
scary-mansion	0006932
sceptre-of-bagdad	0004359
schizofrenia	0002264
schizofrenia	0004361
schizoids	0004362
sci-special-criminal-investigation	0000906
scooby-doo	0004365
scooby-doo-and-scrappy-doo	0004368
score-3020	0004370
scott-adams-graphic-adventure-1-adventureland	0005926
scott-adams-graphic-adventure-3-secret-mission	0006947
scott-adams-graphic-adventure-4-voodoo-castle	0007170
scott-adams-graphic-adventure-6-strange-odyssey	0007052
scramble-spirits	0004380
scuba-dive	0004381
scuba-kidz	0004382
scumball	0004383
sdi-strategic-defense-initiative	0004384
se-kaa-of-assiah	0006952
seabase-delta	0006936
seas-of-blood	0006941
secret-diary-of-adrian-mole-aged-13	0006942
secret-of-little-hodcome	0006949
secret-of-st-brides	0006951
sector-90	0004391
sentry_	0004400
serfs-tale	0006955
sergeant-seymour-robot-cop	0009411
seymour-goes-to-hollywood	0009410
sgrizam	0004417
shackled	0004419
shadow-of-the-unicorn	0004424
shadow-skimmer	0004426
shadowfax	0004431
shadowfire	0004433
shadows-of-mordor	0006960
shaky-game	0004437
shao-lins-road	0004445
shard-of-inovar	0004447
shark	0004448
sharkeys-3d-pool	0003826
sharkeys-moll	0004452
sherlock	0006968
sherlock-holmes-the-case-of-the-beheaded-smuggler	0006962
shinobi	0004457
ship-of-the-line	0006971
ships	0004459
shipwreck-castle-eerie	0006068
shipwreck-castle-eerie	0006972
shockway-rider	0004460
shoot-out	0004466
short-circuit_	0004469
show-jumping	0004482
shrewsbury-key	0006973
shuttle-simulator	0010656
sidewalk	0004492
sidewinder-ii	0004493
sidewize	0004494
siege_	0004496
sigma-7	0004498
silent-service	0004502
silkworm	0004507
simcity	0004509
sinbad	0004517
sinbad-the-golden-ship	0006976
sir-fred	0004518
sir-lancelot-	0004520
sirwood	0004524
sito-pons-500cc-grand-prix	0004528
skate-crazy	0004530
skateball	0004536
skateboard-kidz	0004541
skatin-usa	0004543
skool-daze	0004549
skuldugery	0004552
skull-crossbones	0004554
sky-high-stuntman	0009417
sky-runner	0004559
sky-shark	0001813
skyfox	0004560
slap-dab	0004563
sleepwalker_	0004567
slicker-puzzle	0004568
slightly-magic	0009418
sline	0004562
slippery-sid_	0004572
slot-car-racer	0004357
slugger	0005746
smash-tv	0004576
smashed	0006985
smok-wawelski	0006986
snare_	0004594
snoball-in-hell	0004596
snodgits	0004597
snooker_	0004600
snoopy-the-cool-computer-game	0004607
snow-joke	0006990
snow-queen_	0006991
snow-strike	0004610
snowball	0006993
snowman	0004609
soap-land	0006994
soccer-pinball	0009419
soccer-rivals	0004616
soccer-star	0004617
software-star	0004621
sokoban___	0004622
sol-negro	0004624
solar-star	0004995
soldier-of-fortune_	0004631
soldier-of-light	0004634
solomons-key	0004643
son-of-blagger	0004645
sooty-sweep	0004647
sophistry	0004648
sorcerer-lord	0004649
sorcerer-of-claymorgue-castle	0007008
sorcery	0004650
sorderons-shadow-the-legend-of-elindor	0007010
sos_	0004652
soul-of-a-robot	0003457
souls-of-darkon	0007014
southern-belle	0004653
space-crusade	0004660
space-harrier	0004663
space-harrier-ii	0004665
space-hunter	0004667
space-intruders	0004669
space-racer	0004677
space-raiders	0004678
space-school-simulator-the-academy	0005156
space-station-oblivion	0001521
space-walk	0004683
spaghetti-western-simulator	0004694
special-delivery-santas-christmas-chaos	0004700
special-operations	0004701
spectipede	0004706
spectral-invaders	0004707
spectres	0004717
spectrum-safari	0004730
spectrum-voice-chess	0005599
speed-king-2	0004738
speed-zone	0004741
speedboat-assassins	0004739
spellbound	0004744
spellbound-dizzy	0009337
spherical	0004746
spider-man	0006855
spike_	0004751
spike-in-transilvania	0009421
spiky-harold	0004753
spindizzy	0004756
spitfire-40	0004763
spitting-image-the-computer-game	0004765
splat_	0004767
split-personalities	0004769
split-personalities	0004770
spooked	0004772
spooky-castle	0004774
spookyman	0004776
spore__	0004777
sport-of-kings	0004778
sporting-triangles	0010663
sports-a-roni	0000175
spy-hunter	0004784
spy-trek-adventure	0007027
spy-trilogy	0010236
spy-vs-spy	0004786
spy-vs-spy-iii-arctic-antics	0004791
spy-vs-spy-the-island-caper	0004788
spyplane	0007028
sqij	0004793
stack-up-	0004803
staff-of-power	0007031
stainless-steel	0004806
star-control	0004813
star-dust	0004816
star-firebirds	0004821
star-flaws	0007035
star-paws	0004824
star-raiders-ii	0004828
star-rank-boxing	0000426
star-soccer	0004831
star-swallow	0004832
star-trader_	0004833
star-warrior	0004840
star-wars	0004841
star-wars-droids	0004889
star-wars-return-of-the-jedi	0004848
star-wars-return-of-the-jedi-death-star-battle	0004113
star-wars-the-empire-strikes-back__	0004846
star-wreck	0007037
starbike	0004849
starblitz	0004851
starfire-	0004859
starglider	0004863
starglider-ii	0004867
starion	0004870
starquake	0004873
starship-enterprise	0004879
starstrike-ii	0004881
steel-eagle	0004892
steg-the-slug	0009424
steve-davis-snooker	0004896
stifflip-co	0004899
stir-crazy-featuring-bobo	0004903
stonkers	0004913
stop-the-express	0004916
storm	0004918
stormbringer	0004919
stormlord	0004922
strange-loop	0004926
strategy-1-invasion	0009856
streaker	0004929
street-gang	0004935
street-hawk	0004938
street-sports-basketball	0004942
strike	0004945
strike-aces	0001752
strike-force-cobra	0004948
strike-force-harrier	0004949
striker__	0004952
striker-manager	0004953
strontium-dog-the-killing	0004963
stryker-in-the-crypts-of-trogan	0009429
stun-runner	0004965
stunt-bike-simulator	0004967
stunt-track-racer	0004969
subbuteo	0004978
submariner	0004980
subsunk	0007055
subterranean-nightmare	0004982
subway-vigilante	0004985
super-bike-transam	0009435
super-bowl	0005058
super-brat	0004996
super-cars	0004998
super-chess	0023830
super-cycle	0005013
super-dragon-slayer	0009430
super-g-man	0009431
super-gran	0005017
super-gran-the-adventure	0007059
super-hang-on	0005019
super-monaco-gp	0005026
super-nudge-2000	0005028
super-robin-hood	0009432
super-scramble-simulator	0005034
super-seymour-saves-the-planet	0009413
super-soccer__	0005039
super-spekulant	0005043
super-sprint	0005045
super-stock-car	0005050
super-stuntman	0009433
super-tank-simulator	0009434
super-trolley	0005052
super-trux	0005073
superhero	0009436
superkid-in-space	0005066
superman-the-man-of-steel__	0005068
superstar-indoor-sports	0002478
superstar-soccer	0001985
surfchamp	0005078
survival	0005080
survivor_	0005081
survivors	0005083
sweevos-world	0005086
sweevos-world	0005087
swiv	0005092
sword-slayer	0005097
swords-sorcery	0005101
t-bird	0005159
tai-chi-tortoise	0005112
tai-pan	0005114
taitos-super-space-invaders	0005041
tales-of-the-arabian-nights	0005120
tales-of-the-unknown-volume-i-the-bards-tale	0000418
talisman__	0005122
tank	0005129
tank-attack	0005132
tank-trax	0005137
tantalus	0005139
tapper	0005143
target-renegade	0004087
tarzan	0005150
tarzan-goes-ape	0009437
taskforce_	0005152
tau-ceti	0005153
tau-ceti	0005155
taxi	0005158
teacher-trouble	0007073
technician-ted	0005160
techno-cop	0005163
teenage-mutant-ninja-turtles	0005170
teenage-mutant-ninja-turtles__	0005168
tempest	0005179
temple-of-terror	0007078
ten-little-indians	0007085
tenpin-challenge	0005185
terminator-2-judgment-day	0005187
terra-cognita	0009438
terra-cresta_	0005190
terrahawks	0005193
terror-daktil-4d	0005201
terror-of-the-deep	0005198
terrormolinos	0007088
terrorpods	0005202
terrors-of-trantoss	0007089
test-match-one-day-cricket	0002891
test-match-one-day-cricket	0005206
tetris	0005212
tetris-2-	0005213
thanatos	0005218
theatre-europe	0005224
thing__	0005653
think	0005235
thor	0005238
three-weeks-in-paradise	0005239
throne-of-fire	0005243
through-the-trap-door	0005390
thrust	0005245
thrust-ii	0005246
thrusta	0005248
thunderbirds_	0005255
thunderbirds____	0005253
thunderblade	0005249
thundercats	0005259
tie-break	0000087
tiger-road	0009439
tilt	0009440
tim	0005273
time-gate	0005286
time-machine	0007106
time-machine_	0005277
time-scanner	0005279
times-of-lore	0005289
tintin-on-the-moon	0005291
tir-na-nog	0005292
titan	0005294
titanic	0005297
titanic-blinky	0005299
titanic-the-adventure-begins	0005296
tll-tornado-low-level	0005302
tobruk-the-clash-of-armour	0005308
tom-jerry__	0005314
tomahawk	0005317
tomb-of-dracula	0007123
tomb-of-syrinx	0005319
tomcat	0005322
toobin	0005325
top-cat-in-beverly-hills-cats	0005329
top-gun	0005332
tornado-ecr	0009441
total-eclipse	0005340
total-recall	0005344
tournament-snooker	0009400
tournament-tennis	0003074
tower-of-despair	0007126
tower-of-evil	0005353
tower-toppler	0003377
toy-bizarre	0005356
toyota-celica-gt-rally	0005357
track-field	0005360
tracksuit-manager	0005361
trailblazer	0005368
train-escape-to-normandy	0005373
train-game	0005374
trans-atlantic-balloon-challenge-the-game	0005377
transformers__	0005380
transmuter	0009442
transversion	0005383
transylvanian-tower	0005384
trantor-the-last-stormtrooper	0005385
tranz-am	0009443
trap_	0005387
trap-door	0005388
trashman	0005391
travel-with-trashman	0005392
treasure-hunt_	0007132
treasure-island_____	0005400
treasure-island-dizzy	0009333
treble-champions	0005403
triaxos	0005409
tribble-trubble	0005411
trivial-pursuit	0005423
trouble-at-bridgeton	0007139
tt-racer	0005436
tube_	0005443
tujad	0005448
turbo-boat-simulator	0005456
turbo-cup	0005458
turbo-esprit	0005461
turbo-girl	0005462
turbo-kart-racer_	0005463
turbo-the-tortoise	0005466
turmoil_	0005471
turrican	0005472
turrican-ii-the-final-fight	0005476
twice-shy	0007142
twin-kingdom-valley	0007144
twin-turbo-v8	0009444
twister-mother-of-charlotte	0005488
tyrant-of-athens	0007145
uchi-mata	0005497
ucm-ultimate-combat-mission	0005509
ugh_	0005505
ulises	0005507
ultima-ratio	0005508
underground	0005514
underwurlde	0009446
unitrax	0005517
universal-hero	0005519
unorthodox-engineers-the-pen-and-the-dark	0006780
untouchables	0005520
urban-upstart	0007149
uridium	0005525
v	0005532
vagan-attack	0005534
valhalla	0007152
valkyrie-17	0007154
valley	0005535
vampire	0003688
vampire-killer_	0005537
vampires-empire	0005540
vectorball	0005547
vegas-jackpot	0005550
velnors-lair	0007157
venom	0007159
venom-strikes-back	0003045
vera-cruz	0007160
very-big-cave-adventure	0007161
video-card-arcade	0005562
video-olympics_	0005563
vigilante	0005570
vindicator	0005577
vindicators	0005581
violator-of-voodoo	0006798
viper-iii	0005584
virus__	0005587
vixen	0005589
voidrunner	0005600
volcanic-dungeon	0007166
voyage-into-the-unknown	0005604
vulcan-the-tunisian-campaign	0005606
wacky-darts	0009448
wacky-races_	0005610
wanted_	0003561
wanted-monty-mole	0005617
war_	0005620
war-70	0005618
war-cars-construction-set	0005624
war-machine	0005630
war-zone_	0005632
warlock-of-firetop-mountain	0005635
warlord	0005636
warlord_	0007173
waterloo_	0005640
waxworks_	0007174
way-of-the-tiger	0005646
wec-le-mans	0005648
weetabix-versus-the-titchies	0005655
wells-fargo	0005657
welltris	0005659
wembley-greyhounds	0005660
werewolf-simulator	0006598
werewolves-of-london	0005663
west-bank	0005664
wheelie	0005670
where-time-stood-still	0005671
who-dares-wins-ii	0005673
who-said-that	0005676
whodunnit	0005674
whopper-chase	0005679
wibstars	0005681
wild-bunch	0007185
wild-west-seymour	0009415
william-wobbler	0005687
willow-pattern	0005688
winged-avenger	0005691
winged-warlords	0005692
winter-games	0005693
winter-sports	0005701
winter-wonderland	0007188
witch-hunt	0007190
witchs-cauldron	0007191
wiz	0005705
wiz-biz	0007198
wizard-of-akyrz	0007192
wizard-warz	0005707
wizard-willy	0009450
wizards-lair	0005709
wizball	0005713
wolfan	0005717
wolfman	0007199
wonder-boy	0005719
world-championship-boxing-manager	0005725
world-championship-soccer	0005726
world-cricket	0010701
world-cup-carnival	0005733
world-cup-carnival	0005735
world-cup-challenge	0005734
world-cup-football	0005735
world-cup-soccer_	0005738
world-karate-championship	0002502
world-soccer	0005751
worm-in-paradise	0007201
worse-things-happen-at-sea	0005758
wrestling-superstars	0009451
wriggler	0005761
wulfpack	0005764
xanagrams	0005772
xanthius	0005773
xarax	0005774
xarq-the-zimmerman-trenches	0005777
xcel	0005781
xecutor	0005783
xeno	0005787
xeno-ii	0005789
xenon	0005790
xevious	0005795
xor	0005800
xybots	0005806
yabba-dabba-doo	0005807
yahtzie	0005812
yenght	0007209
yes-prime-minister-the-computer-game	0005819
yeti	0005820
yie-ar-kung-fu	0005822
yie-ar-kung-fu-2-the-emperor-yie-gah	0005826
yogi-bear	0005828
yogi-bear-friends-in-the-greed-monster-a-treasure-hunt	0005829
yomp	0005832
z-man	0005858
zacaron-mystery	0007210
zaraks	0005841
zaxxan	0005844
zaxxon	0005846
zig-zag__	0005854
ziggurat-the-temple-of-doom	0005855
zip-zap	0005856
zipper-flipper	0005857
zoids	0005860
zolyx	0005862
zombi	0005865
zombie-zombie	0005866
zombies_	0004051
zone-trooper	0005870
zorro_	0005874
zub	0005878
zulu-war	0005879
zx-reversi	0005884
zx81-monopoly	0001412
zybex	0005889
zynaps	0005890
zythum	0005892
zzoom	0005894
zzzz	0007220
